{
  "difficulty": {
    "1": 0.5,
    "2": 0.5,
    "3": 0.55,
    "4": 0.55,
    "5": 0.55,
    "6": 0.55,
    "7": 0.55
  },
  "fitness": {
    "1": 0.7702483436122491,
    "2": 0.7536275382342256,
    "3": 0.8210624191082967,
    "4": 0.7082038857810272,
    "5": 0.7259687097618115,
    "6": 0.6452750299252037,
    "7": 0.6968970165323708
  }
}