{
  "difficulty": {
    "1": 0.5,
    "2": 0.5,
    "3": 0.5,
    "4": 0.5,
    "5": 0.5,
    "6": 0.5,
    "7": 0.5,
    "8": 0.5,
    "9": 0.5,
    "10": 0.5,
    "11": 0.5,
    "12": 0.5,
    "13": 0.5,
    "14": 0.5,
    "15": 0.5,
    "16": 0.5,
    "17": 0.5,
    "18": 0.5,
    "19": 0.5,
    "20": 0.5,
    "21": 0.5,
    "22": 0.5,
    "23": 0.5,
    "24": 0.5,
    "25": 0.5,
    "26": 0.5,
    "27": 0.5,
    "28": 0.5,
    "29": 0.5,
    "30": 0.5
  },
  "fitness": {
    "1": 0.38964243300950785,
    "2": 0.4376895784704396,
    "3": 0.5438757583303984,
    "4": 0.4195371090960257,
    "5": 0.6583303004415215,
    "6": 0.4912838380652297,
    "7": 0.5788091648226676,
    "8": 0.5470535048621279,
    "9": 0.44993786078868164,
    "10": 0.5782475473490879,
    "11": 0.40278056061463097,
    "12": 0.5516551940982083,
    "13": 0.6116510876112112,
    "14": 0.5493458597227131,
    "15": 0.5788062833201731,
    "16": 0.49334299837691076,
    "17": 0.48597797495593886,
    "18": 0.6199611277363425,
    "19": 0.6185534754306354,
    "20": 0.6780807193277165,
    "21": 0.515064658562178,
    "22": 0.6301695445587754,
    "23": 0.535780292463908,
    "24": 0.6080459322393453,
    "25": 0.5899512391564314,
    "26": 0.49738914028203707,
    "27": 0.5908685424207941,
    "28": 0.7432668261698405,
    "29": 0.6599802790125382,
    "30": 0.5126533199570521
  }
}