{
  "difficulty": {
    "1": 0.5,
    "2": 0.5,
    "3": 0.5,
    "4": 0.5,
    "5": 0.5,
    "6": 0.5,
    "7": 0.5,
    "8": 0.5,
    "9": 0.5,
    "10": 0.5,
    "11": 0.5,
    "12": 0.5,
    "13": 0.5,
    "14": 0.5,
    "15": 0.5,
    "16": 0.5,
    "17": 0.5,
    "18": 0.5,
    "19": 0.5,
    "20": 0.5
  },
  "fitness": {
    "1": 0.5897346001123,
    "2": 0.52097793337054,
    "3": 0.4993405191028904,
    "4": 0.5757917467480025,
    "5": 0.60165034613835,
    "6": 0.5373820268772705,
    "7": 0.5710280603761697,
    "8": 0.6263487204025202,
    "9": 0.6002632842316383,
    "10": 0.579134471025408,
    "11": 0.627598266663823,
    "12": 0.6007935387164396,
    "13": 0.7650691845157337,
    "14": 0.7433695582579282,
    "15": 0.717701846730038,
    "16": 0.7433833066121888,
    "17": 0.7425671667841647,
    "18": 0.7794169130170024,
    "19": 0.7234401195183506,
    "20": 0.7310875556577184
  }
}