{
  "difficulty": {
    "1": 0.5,
    "2": 0.5,
    "3": 0.5,
    "4": 0.5,
    "5": 0.5,
    "6": 0.5,
    "7": 0.5,
    "8": 0.5,
    "9": 0.5,
    "10": 0.5,
    "11": 0.5,
    "12": 0.5,
    "13": 0.5,
    "14": 0.5,
    "15": 0.5,
    "16": 0.5,
    "17": 0.5,
    "18": 0.5,
    "19": 0.5,
    "20": 0.5
  },
  "fitness": {
    "1": 0.343714280491099,
    "2": 0.4048276489843167,
    "3": 0.3793258865489411,
    "4": 0.36725221164408217,
    "5": 0.3417917645959502,
    "6": 0.43631522302281295,
    "7": 0.36901050773112104,
    "8": 0.38758974494099385,
    "9": 0.41894279693219294,
    "10": 0.47366191397318735,
    "11": 0.3556650126957034,
    "12": 0.38829841972269413,
    "13": 0.45919643594576226,
    "14": 0.5008600605245582,
    "15": 0.4776305110929712,
    "16": 0.45199894691267356,
    "17": 0.29343741161889864,
    "18": 0.4144921280356618,
    "19": 0.4762466081701094,
    "20": 0.43354687119330804
  }
}