{
  "difficulty": {
    "1": 0.5,
    "2": 0.55,
    "3": 0.55,
    "4": 0.55,
    "5": 0.6000000000000001,
    "6": 0.6000000000000001,
    "7": 0.6000000000000001,
    "8": 0.6500000000000001,
    "9": 0.6500000000000001,
    "10": 0.6500000000000001,
    "11": 0.6500000000000001,
    "12": 0.6500000000000001,
    "13": 0.6500000000000001,
    "14": 0.6500000000000001,
    "15": 0.6500000000000001,
    "16": 0.6500000000000001,
    "17": 0.6500000000000001,
    "18": 0.6500000000000001,
    "19": 0.6500000000000001,
    "20": 0.6500000000000001,
    "21": 0.6500000000000001,
    "22": 0.6500000000000001,
    "23": 0.6500000000000001,
    "24": 0.6500000000000001,
    "25": 0.6500000000000001,
    "26": 0.6500000000000001,
    "27": 0.6500000000000001,
    "28": 0.6500000000000001,
    "29": 0.6500000000000001,
    "30": 0.6500000000000001
  },
  "fitness": {
    "1": 0.7684218636004029,
    "2": 0.8482590419749721,
    "3": 0.7843616068960136,
    "4": 0.7137866850260725,
    "5": 0.871477768088958,
    "6": 0.7750081560579061,
    "7": 0.7082971352041237,
    "8": 0.8395112668887028,
    "9": 0.6262135856058266,
    "10": 0.5456079303058595,
    "11": 0.7261232176891437,
    "12": 0.6339218944991484,
    "13": 0.5492888315073411,
    "14": 0.6791900596165223,
    "15": 0.6833957346160175,
    "16": 0.6313146496472397,
    "17": 0.6362109482058713,
    "18": 0.5089332437163596,
    "19": 0.6073362270960572,
    "20": 0.7896236422161105,
    "21": 0.6215549779272292,
    "22": 0.7201418942006386,
    "23": 0.48550658815747993,
    "24": 0.7223250515577113,
    "25": 0.625318738275023,
    "26": 0.458718790799829,
    "27": 0.5923835563346832,
    "28": 0.5783001554121933,
    "29": 0.6159584014106566,
    "30": 0.6224386457406592
  }
}